CREATE TABLE USUARIO (
                         ID INT PRIMARY KEY,
                         NOME VARCHAR(70) NOT NULL,
                         EMAIL VARCHAR(100) NOT NULL,
                         SENHA VARCHAR(150) NOT NULL
) ENGINE=InnoDB DEFAULT CHARSET=utf8;

CREATE TABLE PERMISSAO (
                           ID INT PRIMARY KEY,
                           DESCRICAO VARCHAR(50) NOT NULL
) ENGINE=InnoDB DEFAULT CHARSET=utf8;

CREATE TABLE USUARIO_PERMISSAO (
                                   ID_USUARIO INT NOT NULL,
                                   ID_PERMISSAO INT NOT NULL,
                                   PRIMARY KEY (ID_USUARIO, ID_PERMISSAO),
                                   FOREIGN KEY (ID_USUARIO) REFERENCES USUARIO(ID),
                                   FOREIGN KEY (ID_PERMISSAO) REFERENCES PERMISSAO(ID)
) ENGINE=InnoDB DEFAULT CHARSET=utf8;

INSERT INTO USUARIO (ID, NOME, EMAIL, SENHA) values (1, 'Administrador', 'admin@icetec.com', '$2a$10$95wuplq8NHXP0Bm0g60aoO9RZM61e8hfaZ1SZWo4c6CnZLAXHjBde');
INSERT INTO USUARIO (ID, NOME, EMAIL, SENHA) values (2, 'Usuario', 'usuario@icetec.com', '$2a$10$hJ9OK1b.Ws3mjJcTRSUdcOtvlOEkhi63YwBWCHh6ZH3wILeLYPFqK');

INSERT INTO PERMISSAO (ID, DESCRICAO) values (1, 'ROLE_CADASTRAR_CANDIDATO');
INSERT INTO PERMISSAO (ID, DESCRICAO) values (2, 'ROLE_PESQUISAR_CANDIDATO');
INSERT INTO PERMISSAO (ID, DESCRICAO) values (3, 'ROLE_REMOVER_CANDIDATO');

INSERT INTO PERMISSAO (ID, DESCRICAO) values (4, 'ROLE_CADASTRAR_TECNOLOGIA');
INSERT INTO PERMISSAO (ID, DESCRICAO) values (5, 'ROLE_PESQUISAR_TECNOLOGIA');
INSERT INTO PERMISSAO (ID, DESCRICAO) values (6, 'ROLE_REMOVER_TECNOLOGIA');


-- admin
INSERT INTO USUARIO_PERMISSAO (ID_USUARIO, ID_PERMISSAO) values (1, 1);
INSERT INTO USUARIO_PERMISSAO (ID_USUARIO, ID_PERMISSAO) values (1, 2);
INSERT INTO USUARIO_PERMISSAO (ID_USUARIO, ID_PERMISSAO) values (1, 3);
INSERT INTO USUARIO_PERMISSAO (ID_USUARIO, ID_PERMISSAO) values (1, 4);
INSERT INTO USUARIO_PERMISSAO (ID_USUARIO, ID_PERMISSAO) values (1, 5);
INSERT INTO USUARIO_PERMISSAO (ID_USUARIO, ID_PERMISSAO) values (1, 6);

-- usuario
INSERT INTO USUARIO_PERMISSAO (ID_USUARIO, ID_PERMISSAO) values (2, 2);
INSERT INTO USUARIO_PERMISSAO (ID_USUARIO, ID_PERMISSAO) values (2, 5);